Workbook

Sheet Sheet3
A1: Application: Tecan i-control | E1: Tecan i-control , 2.0.10.0
A2: Device: infinite 200Pro | E2: Serial number: 1010005120 | I2: Serial number of connected stacker:
A3: Firmware: V_3.14_03/10_InfiniTe (Apr 26 2010/11.18.37) | E3: MAI, V_3.14_03/10_InfiniTe (Apr 26 2010/11.18.37)
A5: Date: | B5: 45677
A6: Time: | B6: 11:39:50 AM
A9: System | E9: BME-CTB0JQ1
A10: User | E10: ESERVICES\tfz5vy
A11: Plate | E11: Greiner 24 Flat Bottom Transparent Polystyrene Cat. No.: 662102/662160 [GRE24ft.pdfx]
A12: Plate-ID (Stacker)
A14: Shaking (Linear) Duration: | E14: 5 | F14: s
A15: Shaking (Linear) Amplitude: | E15: 1 | F15: mm
A18: Label: Label1
A19: Mode | E19: Absorbance
A20: Measurement Wavelength | E20: 600 | F20: nm
A21: Bandwidth | E21: 9 | F21: nm
A22: Number of Flashes | E22: 25
A23: Settle Time | E23: 0 | F23: ms
A24: Start Time: | B24: 1/20/2025 11:39:55 AM
B26: Temperature: 23.5 °C
A27: <> | B27: NYCIII | C27: PGY | D27: TSYE | E27: NYCIII | F27: PGY | G27: TSYE | I27: NYCIII | J27: PGY | K27: TSYE | L27: NYCIII | M27: PGY | N27: TSYE
A28: A . Marseille | B28: 0.38350001 | C28: 0.89410001 | D28: 0.1726 | E28: 0.43979999 | F28: 0.91390002 | G28: 0.16680001 | I28: =B28-(B29+E29)/2 -> 0.26655001 | J28: =C28-(C29+F29)/2 -> 0.77135001 | K28: =D28-(D29+G29)/2 -> 0.061300002 | L28: =E28-(E29+H29)/2 -> 0.38285 | M28: =F28-(F29+I29)/2 -> 0.85067502 | N28: =G28-(G29+J29)/2 -> 0.11472501
A29: BLANK | B29: 0.12 | C29: 0.1221 | D29: 0.1178 | E29: 0.1139 | F29: 0.1234 | G29: 0.1048 | I29: =B29-(B29+E29)/2 -> 0.0030499995 | J29: =C29-(C29+F29)/2 -> -0.00064999983 | K29: =D29-(D29+G29)/2 -> 0.0064999983 | L29: =E29-(E29+H29)/2 -> 0.056949999 | M29: =F29-(F29+I29)/2 -> 0.060175002 | N29: =G29-(G29+J29)/2 -> 0.052725
A30: V. bacterium | B30: 0.2219 | C30: 0.34400001 | D30: 0.1699 | E30: 0.19 | F30: 0.30759999 | G30: 0.17020001 | I30: =B30-(B29+E29)/2 -> 0.10495 | J30: =C30-(C29+F29)/2 -> 0.22125001 | K30: =D30-(D29+G29)/2 -> 0.058600001 | L30: =E30-(E29+H29)/2 -> 0.13305 | M30: =F30-(F29+I29)/2 -> 0.24437499 | N30: =G30-(G29+J29)/2 -> 0.118125
A31: E. marseille | B31: 0.15710001 | C31: 0.1972 | D31: 0.1488 | E31: 0.1627 | F31: 0.19750001 | G31: 0.131 | I31: =B31-(B29+E29)/2 -> 0.040150009 | J31: =C31-(C29+F29)/2 -> 0.074449997 | K31: =D31-(D29+G29)/2 -> 0.037500001 | L31: =E31-(E29+H29)/2 -> 0.10575 | M31: =F31-(F29+I29)/2 -> 0.134275 | N31: =G31-(G29+J29)/2 -> 0.078924997
H33: Average | I33: NYCIII | J33: PGY | K33: TSYE
H34: A . Marseille | I34: =(I28+L28)/2 -> 0.3247 | J34: =(J28+M28)/2 -> 0.81101251 | K34: =(K28+N28)/2 -> 0.088012504
H35: BLANK | I35: =(I29+L29)/2 -> 0.029999999 | J35: =(J29+M29)/2 -> 0.029762501 | K35: =(K29+N29)/2 -> 0.029612499
A36: End Time: | B36: 1/20/2025 11:40:20 AM | H36: V. bacterium | I36: =(I30+L30)/2 -> 0.119 | J36: =(J30+M30)/2 -> 0.2328125 | K36: =(K30+N30)/2 -> 0.088362503
H37: E. marseille | I37: =(I31+L31)/2 -> 0.072950004 | J37: =(J31+M31)/2 -> 0.1043625 | K37: =(K31+N31)/2 -> 0.058212499

Sheet Sheet2
A1: Application: Tecan i-control | E1: Tecan i-control , 2.0.10.0
A2: Device: infinite 200Pro | E2: Serial number: 1010005120 | J2: Serial number of connected stacker:
A3: Firmware: V_3.14_03/10_InfiniTe (Apr 26 2010/11.18.37) | E3: MAI, V_3.14_03/10_InfiniTe (Apr 26 2010/11.18.37)
A5: Date: | B5: 45677
A6: Time: | B6: 11:37:57 AM
A9: System | E9: BME-CTB0JQ1
A10: User | E10: ESERVICES\tfz5vy
A11: Plate | E11: Greiner 24 Flat Bottom Transparent Polystyrene Cat. No.: 662102/662160 [GRE24ft.pdfx]
A12: Plate-ID (Stacker)
A14: Shaking (Linear) Duration: | E14: 5 | F14: s
A15: Shaking (Linear) Amplitude: | E15: 1 | F15: mm
A18: Label: Label1
A19: Mode | E19: Absorbance
A20: Measurement Wavelength | E20: 600 | F20: nm
A21: Bandwidth | E21: 9 | F21: nm
A22: Number of Flashes | E22: 25
A23: Settle Time | E23: 0 | F23: ms
A24: Start Time: | B24: 1/20/2025 11:38:02 AM
B26: Temperature: 23.4 °C
A27: <> | B27: NYCIII | C27: PGY | D27: TSYE | E27: NYCIII | F27: PGY | G27: TSYE | J27: NYCIII | K27: PGY | L27: TSYE | M27: NYCIII | N27: PGY | O27: TSYE
A28: G. vaginalis | B28: 0.51740003 | C28: 0.16339999 | D28: 0.2814 | E28: 0.49200001 | F28: 0.15620001 | G28: 0.2658 | I28: G. vaginalis | J28: =B28-(Sheet3!B29+Sheet3!E29)/2 -> 0.40045003 | K28: =C28-(Sheet3!C29+Sheet3!F29)/2 -> 0.040649991 | L28: =D28-(Sheet3!D29+Sheet3!G29)/2 -> 0.1701 | M28: =E28-(Sheet3!B29+Sheet3!E29)/2 -> 0.37505002 | N28: =F28-(Sheet3!C29+Sheet3!F29)/2 -> 0.033450004 | O28: =G28-(Sheet3!D29+Sheet3!G29)/2 -> 0.1545
A29: L. jensenii | B29: 0.6142 | C29: 1.0753 | D29: 0.2334 | E29: 0.61299998 | F29: 1.1123 | G29: 0.2647 | I29: L. jensenii | J29: =B29-(Sheet3!B29+Sheet3!E29)/2 -> 0.49725 | K29: =C29-(Sheet3!C29+Sheet3!F29)/2 -> 0.95254998 | L29: =D29-(Sheet3!D29+Sheet3!G29)/2 -> 0.1221 | M29: =E29-(Sheet3!B29+Sheet3!E29)/2 -> 0.49604998 | N29: =F29-(Sheet3!C29+Sheet3!F29)/2 -> 0.98955004 | O29: =G29-(Sheet3!D29+Sheet3!G29)/2 -> 0.1534
A30: A. tetradius | B30: 0.6807 | C30: 1.3167 | D30: 0.2288 | E30: 0.64749998 | F30: 1.2588 | G30: 0.2247 | I30: A. tetradius | J30: =B30-(Sheet3!B29+Sheet3!E29)/2 -> 0.56375001 | K30: =C30-(Sheet3!C29+Sheet3!F29)/2 -> 1.19395 | L30: =D30-(Sheet3!D29+Sheet3!G29)/2 -> 0.1175 | M30: =E30-(Sheet3!B29+Sheet3!E29)/2 -> 0.53054998 | N30: =F30-(Sheet3!C29+Sheet3!F29)/2 -> 1.13605 | O30: =G30-(Sheet3!D29+Sheet3!G29)/2 -> 0.1134
A31: A. lactolyticus | B31: 0.2746 | C31: 0.71880001 | D31: 0.1486 | E31: 0.27320001 | F31: 0.71560001 | G31: 0.1193 | I31: A. lactolyticus | J31: =B31-(Sheet3!B29+Sheet3!E29)/2 -> 0.15765 | K31: =C31-(Sheet3!C29+Sheet3!F29)/2 -> 0.59605001 | L31: =D31-(Sheet3!D29+Sheet3!G29)/2 -> 0.037299998 | M31: =E31-(Sheet3!B29+Sheet3!E29)/2 -> 0.15625001 | N31: =F31-(Sheet3!C29+Sheet3!F29)/2 -> 0.59285001 | O31: =G31-(Sheet3!D29+Sheet3!G29)/2 -> 0.0080000013
I34: Average | J34: NYCIII | K34: PGY | L34: TSYE
I35: G. vaginalis | J35: =(J28+M28)/2 -> 0.38775002 | K35: =(K28+N28)/2 -> 0.037049998 | L35: =(L28+O28)/2 -> 0.1623
I36: L. jensenii | J36: =(J29+M29)/2 -> 0.49664999 | K36: =(K29+N29)/2 -> 0.97105001 | L36: =(L29+O29)/2 -> 0.13775
A37: End Time: | B37: 1/20/2025 11:38:27 AM | I37: A. tetradius | J37: =(J30+M30)/2 -> 0.54714999 | K37: =(K30+N30)/2 -> 1.165 | L37: =(L30+O30)/2 -> 0.11545
I38: A. lactolyticus | J38: =(J31+M31)/2 -> 0.15695 | K38: =(K31+N31)/2 -> 0.59445001 | L38: =(L31+O31)/2 -> 0.02265

Sheet Sheet1
